{
  "rms_theta": 0.0434245058809467,
  "rms_q": 0.07459868634640017,
  "rms_u": 0.17553686597029214,
  "settling_time_0p05": 1.09,
  "lqr_cost": 8.834033581598781
}